"ARPAUSDT",
"POLYXUSDT",
"LINKBUSD",
"ADAUSDT",
"HIGHUSDT",
"ROSEUSDT",
"BTCUSDT_231229",
"SFPUSDT",
"TLMUSDT",
"CYBERUSDT",
"RDNTUSDT",
"ARKUSDT",
"NEARUSDT",
"COMBOUSDT",
"BADGERUSDT",
"BATUSDT",
"DYDXUSDT",
"DUSKUSDT",
"STXUSDT",
"1000SHIBBUSD",
"YGGUSDT",
"BAKEUSDT",
"MATICBUSD",
"GMXUSDT",
"WLDUSDT",
"ADABUSD",
"1000LUNCBUSD",
"ARUSDT",
"ETHUSDT_240329",
"1INCHUSDT",
"SOLUSDT",
"ETHUSDT",
"THETAUSDT",
"POWRUSDT",
"IDUSDT",
"OMGUSDT",
"WAVESUSDT",
"FLOWUSDT",
"LINKUSDT",
"SLPUSDT",
"FXSUSDT",
"BANDUSDT",
"OCEANUSDT",
"BONDUSDT",
"DOGEUSDT",
"DOTBUSD",
"COMPUSDT",
"QTUMUSDT",
"CELRUSDT",
"C98USDT",
"STPTUSDT",
"LITUSDT",
"CHZUSDT",
"MEMEUSDT",
"BICOUSDT",
"MAVUSDT",
"ALGOUSDT",
"ICPUSDT",
"1000LUNCUSDT",
"UMAUSDT",
"ARKMUSDT",
"SUIUSDT",
"BELUSDT",
"YFIUSDT",
"ETHBTC",
"CFXUSDT",
"KLAYUSDT",
"ALPHAUSDT",
"RLCUSDT",
"XRPBUSD",
"ZRXUSDT",
"GLMRUSDT",
"APTBUSD",
"TOMOUSDT",
"KAVAUSDT",
"LQTYUSDT",
"STORJUSDT",
"MDTUSDT",
"WAXPUSDT",
"LPTUSDT",
"DODOXUSDT",
"GMTUSDT",
"IDEXUSDT",
"ETHUSDT_231229",
"AGIXBUSD",
"ENSUSDT",
"PERPUSDT",
"TRBUSDT",
"GTCUSDT",
"INJUSDT",
"LUNA2USDT",
"GMTBUSD",
"TOKENUSDT",
"APTUSDT",
"FRONTUSDT",
"EDUUSDT",
"BNXUSDT",
"IOTAUSDT",
"GALAUSDT",
"KEYUSDT",
"RUNEUSDT",
"CRVUSDT",
"USDCUSDT",
"FTMUSDT",
"MKRUSDT",
"FETUSDT",
"SOLBUSD",
"AAVEUSDT",
"MTLUSDT",
"DGBUSDT",
"BNBBUSD",
"FILUSDT",
"BIGTIMEUSDT",
"NTRNUSDT",
"OPUSDT",
"LTCUSDT",
"RNDRUSDT",
"XTZUSDT",
"AMBUSDT",
"NMRUSDT",
"TIAUSDT",
"STEEMUSDT",
"MAGICUSDT",
"LTCBUSD",
"RSRUSDT",
"TWTUSDT",
"ICXUSDT",
"ARBUSDT",
"SNXUSDT",
"IOTXUSDT",
"PEOPLEUSDT",
"TRXBUSD",
"SKLUSDT",
"OXTUSDT",
"GASUSDT",
"RVNUSDT",
"STRAXUSDT",
"1000PEPEUSDT",
"LDOBUSD",
"NKNUSDT",
"ANKRUSDT",
"BTCUSDT",
"XRPUSDT",
"API3USDT",
"DARUSDT",
"BALUSDT",
"DOGEBUSD",
"HOTUSDT",
"TRUUSDT",
"BTCUSDT_240329",
"LDOUSDT",
"IMXUSDT",
"BSVUSDT",
"PENDLEUSDT",
"VETUSDT",
"ETCBUSD",
"LRCUSDT",
"CELOUSDT",
"NEARBUSD",
"UNIUSDT",
"ONEUSDT",
"CVXUSDT",
"UNFIUSDT",
"LOOMUSDT",
"XEMUSDT",
"BTCDOMUSDT",
"SEIUSDT",
"XVSUSDT",
"XLMUSDT",
"MBLUSDT",
"DENTUSDT",
"ILVUSDT",
"QNTUSDT",
"APEBUSD",
"AUDIOUSDT",
"LINAUSDT",
"KSMUSDT",
"BCHUSDT",
"DODOBUSD",
"COCOSUSDT",
"XMRUSDT",
"MINAUSDT",
"RIFUSDT",
"STGUSDT",
"OGNUSDT",
"HBARUSDT",
"NEOUSDT",
"ALICEUSDT",
"HIFIUSDT",
"RENUSDT",
"ACHUSDT",
"ZECUSDT",
"RADUSDT",
"SANDUSDT",
"ORDIUSDT",
"MANAUSDT",
"HOOKUSDT",
"LEVERUSDT",
"SNTUSDT",
"ONTUSDT",
"DOTUSDT",
"STMXUSDT",
"PHBUSDT",
"ETCUSDT",
"SPELLUSDT",
"BNBUSDT",
"KNCUSDT",
"FOOTBALLUSDT",
"ATOMUSDT",
"CKBUSDT",
"ETHBUSD",
"REEFUSDT",
"CTKUSDT",
"AXSUSDT",
"FTMBUSD",
"ZENUSDT",
"AGIXUSDT",
"BLURUSDT",
"APEUSDT",
"GALUSDT",
"ATAUSDT",
"HFTUSDT",
"MASKUSDT",
"DEFIUSDT",
"BTCBUSD",
"ANTUSDT",
"XVGUSDT",
"EGLDUSDT",
"GALABUSD",
"AVAXBUSD",
"JASMYUSDT",
"DASHUSDT",
"COTIUSDT",
"ASTRUSDT",
"ORBSUSDT",
"JOEUSDT",
"IOSTUSDT",
"SUSHIUSDT",
"1000SHIBUSDT",
"MATICUSDT",
"WOOUSDT",
"FILBUSD",
"GRTUSDT",
"AVAXUSDT",
"BLUEBIRDUSDT",
"EOSUSDT",
"SSVUSDT",
"BNTUSDT",
"FLMUSDT",
"CTSIUSDT",
"TRXUSDT",
"AGLDUSDT",
"CAKEUSDT",
"1000FLOKIUSDT",
"ZILUSDT",
"1000XECUSDT",
"CHRUSDT",
"SXPUSDT",
"TUSDT",
"ENJUSDT",
"BLZUSDT",
"IDUSDT",
"MAVUSDT",
"ETHUSDT_240329",
"PEOPLEUSDT",
"STPTUSDT",
"TIAUSDT",
"RVNUSDT",
"BTCBUSD",
"ACHUSDT",
"NMRUSDT",
"1000LUNCBUSD",
"SANDUSDT",
"TRXBUSD",
"TRUUSDT",
"EOSUSDT",
"PHBUSDT",
"FRONTUSDT",
"CHZUSDT",
"PENDLEUSDT",
"AAVEUSDT",
"APTBUSD",
"VETUSDT",
"HFTUSDT",
"AGIXBUSD",
"OPUSDT",
"ANKRUSDT",
"STGUSDT",
"COMPUSDT",
"MBLUSDT",
"IOSTUSDT",
"YGGUSDT",
"HOTUSDT",
"GALAUSDT",
"AMBUSDT",
"ICPUSDT",
"MINAUSDT",
"FTMUSDT",
"BSVUSDT",
"AXSUSDT",
"BTCUSDT_240329",
"1000SHIBBUSD",
"1000PEPEUSDT",
"JASMYUSDT",
"ROSEUSDT",
"EGLDUSDT",
"ILVUSDT",
"THETAUSDT",
"TWTUSDT",
"DARUSDT",
"AVAXUSDT",
"LRCUSDT",
"TRBUSDT",
"LITUSDT",
"APTUSDT",
"RUNEUSDT",
"ZILUSDT",
"SEIUSDT",
"LQTYUSDT",
"DOGEBUSD",
"1000FLOKIUSDT",
"CRVUSDT",
"LOOMUSDT",
"USDCUSDT",
"SXPUSDT",
"INJUSDT",
"STEEMUSDT",
"ATOMUSDT",
"ANTUSDT",
"CELRUSDT",
"NEARUSDT",
"OMGUSDT",
"IOTAUSDT",
"GMXUSDT",
"ENSUSDT",
"RLCUSDT",
"API3USDT",
"SUIUSDT",
"UMAUSDT",
"WLDUSDT",
"BNBBUSD",
"FTMBUSD",
"KLAYUSDT",
"XMRUSDT",
"QTUMUSDT",
"XEMUSDT",
"XLMUSDT",
"CHRUSDT",
"ETHBUSD",
"ARPAUSDT",
"SOLUSDT",
"LDOUSDT",
"ALICEUSDT",
"ADAUSDT",
"AUDIOUSDT",
"MATICBUSD",
"ONTUSDT",
"ASTRUSDT",
"DOTUSDT",
"FILBUSD",
"TOMOUSDT",
"FILUSDT",
"GALABUSD",
"GTCUSDT",
"HIGHUSDT",
"XVGUSDT",
"ADABUSD",
"ICXUSDT",
"OXTUSDT",
"TLMUSDT",
"DODOXUSDT",
"C98USDT",
"ETHUSDT",
"SNXUSDT",
"MDTUSDT",
"RNDRUSDT",
"GALUSDT",
"BAKEUSDT",
"LUNA2USDT",
"SFPUSDT",
"UNFIUSDT",
"PERPUSDT",
"SPELLUSDT",
"DEFIUSDT",
"IOTXUSDT",
"ZENUSDT",
"SKLUSDT",
"BTCDOMUSDT",
"STRAXUSDT",
"MEMEUSDT",
"WAVESUSDT",
"MAGICUSDT",
"BONDUSDT",
"LPTUSDT",
"WOOUSDT",
"KAVAUSDT",
"XTZUSDT",
"SNTUSDT",
"BTCUSDT_231229",
"ETCUSDT",
"MASKUSDT",
"BICOUSDT",
"RIFUSDT",
"BTCUSDT",
"DOGEUSDT",
"LTCBUSD",
"NKNUSDT",
"FETUSDT",
"AVAXBUSD",
"RENUSDT",
"KEYUSDT",
"ORBSUSDT",
"BNTUSDT",
"POLYXUSDT",
"DUSKUSDT",
"CKBUSDT",
"1000SHIBUSDT",
"EDUUSDT",
"1000XECUSDT",
"APEBUSD",
"ZECUSDT",
"CELOUSDT",
"BNXUSDT",
"AGIXUSDT",
"DYDXUSDT",
"BNBUSDT",
"GRTUSDT",
"COMBOUSDT",
"DASHUSDT",
"IDEXUSDT",
"SSVUSDT",
"CAKEUSDT",
"JOEUSDT",
"BIGTIMEUSDT",
"SLPUSDT",
"FOOTBALLUSDT",
"DOTBUSD",
"ARKUSDT",
"1000LUNCUSDT",
"ETCBUSD",
"ARBUSDT",
"TOKENUSDT",
"STXUSDT",
"GMTBUSD",
"ONEUSDT",
"STORJUSDT",
"LEVERUSDT",
"HOOKUSDT",
"BLURUSDT",
"ENJUSDT",
"LINKBUSD",
"ARKMUSDT",
"DODOBUSD",
"MANAUSDT",
"REEFUSDT",
"BLZUSDT",
"YFIUSDT",
"FLOWUSDT",
"LINKUSDT",
"RADUSDT",
"CFXUSDT",
"WAXPUSDT",
"RSRUSDT",
"DENTUSDT",
"NEOUSDT",
"FLMUSDT",
"BANDUSDT",
"LDOBUSD",
"UNIUSDT",
"MTLUSDT",
"NTRNUSDT",
"CYBERUSDT",
"BELUSDT",
"GLMRUSDT",
"CTSIUSDT",
"ETHBTC",
"LINAUSDT",
"CTKUSDT",
"1INCHUSDT",
"MKRUSDT",
"FXSUSDT",
"SUSHIUSDT",
"ZRXUSDT",
"BADGERUSDT",
"BLUEBIRDUSDT",
"IMXUSDT",
"NEARBUSD",
"ARUSDT",
"GMTUSDT",
"QNTUSDT",
"MATICUSDT",
"RDNTUSDT",
"ALPHAUSDT",
"HBARUSDT",
"LTCUSDT",
"OGNUSDT",
"DGBUSDT",
"GASUSDT",
"POWRUSDT",
"APEUSDT",
"COCOSUSDT",
"KNCUSDT",
"AGLDUSDT",
"XVSUSDT",
"BCHUSDT",
"SOLBUSD",
"BATUSDT",
"ETHUSDT_231229",
"BALUSDT",
"TRXUSDT",
"OCEANUSDT",
"COTIUSDT",
"XRPUSDT",
"ORDIUSDT",
"TUSDT",
"XRPBUSD",
"ALGOUSDT",
"CVXUSDT",
"ATAUSDT",
"STMXUSDT",
"HIFIUSDT",
"KSMUSDT",
